ID,Name
80001,Ryan Ponce
80045,Mark Noble
80101,Ronald Vasquez
80105,Sharon Santos
80126,James Harris
80451,Aaron Evans
80802,Mary Sanchez
80879,Kristy Gay
81178,Mary Larsen
81215,Casey Hunt
81404,Matthew Allen
81588,Adam Nelson
81592,Dennis Walters
81645,Catherine Higgins
81929,Kerry Le
81943,Jose Simmons
82002,Lucas Stewart
82165,David Schaefer
82205,Connie Crane
82240,Brandi Hunt
82244,Mary Allen
82250,Scott Smith
82384,Cassidy Santiago
82465,Carrie Flores
82612,Michael Smith
82612,Brian Frederick
82732,Tamara Blair
82818,Robert Edwards
82895,Ashley Booth
82969,John Howell
83110,Benjamin Walters
83181,Jacob Jennings
83205,Michelle Tucker
83501,Donald Russell
83517,Daniel Harris
83639,Hannah Wallace
83848,Vanessa Barber
83852,Jesus Thompson
83935,Julia Higgins
84056,Logan Ramirez MD
84184,Cynthia Jackson
84194,Nathan Galloway
84485,Carolyn Swanson
84608,William Marshall
84791,Melissa Chapman
84881,Chad Collins
84921,Kim Palmer
84950,Hannah Fuller
85012,Gary Vargas
85226,Amber Parrish
85295,William Swanson
85303,Alexis Hubbard
85544,Charles Love
85580,Andrew Davis
85734,William Paul
85791,Timothy Harvey
85803,Lori Nunez
85909,Katelyn Moore
86031,William Rose
86156,Michael Chapman
86189,Jessica Navarro
86302,Mary Schroeder
86362,Edward Young
86692,Vicki Mccoy
86814,Adam Allison
87297,Jacob Hill
87439,Sharon Chen
87478,William Quinn
87482,Fernando Jimenez
87501,Jessica Lopez
87564,Amy Pace
87676,Evan Webster
87680,Mary Campbell
87711,Mary Daniels
87736,Karen Callahan
87827,Michael Bush
87867,Ryan Travis
88113,Erin Smith
88166,Amanda Robinson
88194,Rachel Lawrence
88208,Nicole Smith
88375,Chelsey Brown
88516,William Green
88638,Daniel Vasquez
88709,Christopher Holloway
88749,James Morgan Jr.
88777,Manuel Joyce V
89110,Connor Orozco
89222,Hector Mitchell
89231,Bradley Johnson
89242,Karen Newman
89251,Peter Peterson
89319,Alison Paul
89351,Michele Reynolds
89410,Julie Vargas
89472,Bryan Smith
89694,Jesse Murphy DDS
89828,Nicholas Mullins
89914,Mike Casey
89918,Melissa Miranda
