0,1
80000,Jeffrey Ramirez
85318,Charles Kelly
84051,Robin Spears
82041,Sarah Larson
86344,Jason Hartman MD
83994,Lisa Brown
88585,Joseph Martinez
85900,Rachel Hall
83469,Christopher Long
86492,Helen Wilson MD
84024,Anthony Jones
81000,Casey Chambers
83648,Erica Thomas
82795,Nathan Preston
86939,Shaun Lane
84111,Katherine Garza
81795,Frank Raymond
82214,Robin Rivera PhD
82403,Robert Randall
87972,Samuel Santiago
89098,Alexander Golden
81316,Alicia Shah
86292,Brent Williams
88247,Preston Willis
85590,Debra Taylor MD
80618,Steven Le
88727,Michael Kelley
88402,Jeffrey Jones
88988,Daniel Carr
80125,Mr. Thomas Sutton
88118,Ann Richardson
81070,Jonathan Peterson
88171,Melissa Gonzales
88684,Paula Beltran
83289,Jessica Anderson
81305,Bill Green
83453,Robert Moreno
86632,Sherri Callahan
80258,Kristina Graham
84461,Thomas Williams
85833,Alex Murphy
84008,George Alvarez
87061,Patrick Hall
89799,Sarah Silva
88996,Natalie Neal
85155,Scott Kaufman
81486,John Smith
87212,Kristin Beard
83625,Nicole Dickerson
84247,Robert Green
83190,Shaun Johnson
84459,Kathleen Clayton
84149,Stephanie Jones
84295,Donna Thomas
88774,Teresa Stone
81139,Christopher Caldwell
80908,Tyler Nichols
80313,James Brown
88602,Patricia Johnson
83138,James Johnston
85665,Tiffany Orozco
82383,David Allen
82092,David Vincent
80092,Annette Hancock
85593,Sally Garcia
89574,Carlos Chavez
87368,Ashley Horton
87201,Scott Moore
86477,Gary Cruz
88706,Vincent Rogers
88334,Courtney Cline
85078,Darlene Church
87442,David Caldwell
84642,Louis Hall
84360,Bryan Park
83763,Sonya Preston
86789,Cynthia Baker
83102,Renee Walton
87265,Eric Wade
88944,Brandon Sullivan
80222,Mary Wood
84612,Robert Figueroa
87322,Melissa Ward
88316,Rachel Shannon
82985,Kimberly Dickson
83406,Jasmine Smith
83369,Holly Garcia
87434,Charles Hernandez
89035,Wesley Price
81945,Amy Jones
83930,John Williams
86934,Kathy Curtis
85752,Daniel Martin
82271,Jeffrey Rodriguez
82562,David Bryant
82139,Steve Moore
87900,Carla Trevino
88834,Robert Barajas
80413,John Williams
89962,Daniel Smith
